fixed_acidity,volatile_acidity,citric_acid,residual_sugar,chlorides,free_sulfur_dioxide,total_sulfur_dioxide,density,pH,sulphates,alcohol,quality,Id
7.4,0.7,0,1.9,0.076,11,34,0.9978,3.51,0.56,9.4,5,0
7.8,0.88,0,2.6,0.098,25,67,0.9968,3.2,0.68,9.8,5,1
7.8,0.76,0.04,2.3,0.092,15,54,0.997,3.26,0.65,9.8,5,2
11.2,0.28,0.56,1.9,0.075,17,60,0.998,3.16,0.58,9.8,6,3
7.4,0.7,0,1.9,0.076,11,34,0.9978,3.51,0.56,9.4,5,4
7.4,0.66,0,1.8,0.075,13,40,0.9978,3.51,0.56,9.4,5,5
7.9,0.6,0.06,1.6,0.069,15,59,0.9964,3.3,0.46,9.4,5,6
7.3,0.65,0,1.2,0.065,15,21,0.9946,3.39,0.47,10,7,7
7.8,0.58,0.02,2,0.073,9,18,0.9968,3.36,0.57,9.5,7,8
6.7,0.58,0.08,1.8,0.097,15,65,0.9959,3.28,0.54,9.2,5,10
5.6,0.615,0,1.6,0.089,16,59,0.9943,3.58,0.52,9.9,5,12
7.8,0.61,0.29,1.6,0.114,9,29,0.9974,3.26,1.56,9.1,5,13
8.5,0.28,0.56,1.8,0.092,35,103,0.9969,3.3,0.75,10.5,7,16
7.9,0.32,0.51,1.8,0.341,17,56,0.9969,3.04,1.08,9.2,6,19
7.6,0.39,0.31,2.3,0.082,23,71,0.9982,3.52,0.65,9.7,5,21
7.9,0.43,0.21,1.6,0.106,10,37,0.9966,3.17,0.91,9.5,5,22
8.5,0.49,0.11,2.3,0.084,9,67,0.9968,3.17,0.53,9.4,5,23
6.9,0.4,0.14,2.4,0.085,21,40,0.9968,3.43,0.63,9.7,6,24
6.3,0.39,0.16,1.4,0.08,11,23,0.9955,3.34,0.56,9.3,5,25
7.6,0.41,0.24,1.8,0.08,4,11,0.9962,3.28,0.59,9.5,5,26
7.1,0.71,0,1.9,0.08,14,35,0.9972,3.47,0.55,9.4,5,28
7.8,0.645,0,2,0.082,8,16,0.9964,3.38,0.59,9.8,6,29
6.7,0.675,0.07,2.4,0.089,17,82,0.9958,3.35,0.54,10.1,5,30
8.3,0.655,0.12,2.3,0.083,15,113,0.9966,3.17,0.66,9.8,5,32
5.2,0.32,0.25,1.8,0.103,13,50,0.9957,3.38,0.55,9.2,5,34
7.8,0.645,0,5.5,0.086,5,18,0.9986,3.4,0.55,9.6,6,35
7.8,0.6,0.14,2.4,0.086,3,15,0.9975,3.42,0.6,10.8,6,36
8.1,0.38,0.28,2.1,0.066,13,30,0.9968,3.23,0.73,9.7,7,37
7.3,0.45,0.36,5.9,0.074,12,87,0.9978,3.33,0.83,10.5,5,40
8.8,0.61,0.3,2.8,0.088,17,46,0.9976,3.26,0.51,9.3,4,41
7.5,0.49,0.2,2.6,0.332,8,14,0.9968,3.21,0.9,10.5,6,42
8.1,0.66,0.22,2.2,0.069,9,23,0.9968,3.3,1.2,10.3,5,43
4.6,0.52,0.15,2.1,0.054,8,65,0.9934,3.9,0.56,13.1,4,45
7.7,0.935,0.43,2.2,0.114,22,114,0.997,3.25,0.73,9.2,5,46
8.8,0.66,0.26,1.7,0.074,4,23,0.9971,3.15,0.74,9.2,5,50
6.6,0.52,0.04,2.2,0.069,8,15,0.9956,3.4,0.63,9.4,6,51
6.6,0.5,0.04,2.1,0.068,6,14,0.9955,3.39,0.64,9.4,6,52
8.6,0.38,0.36,3,0.081,30,119,0.997,3.2,0.56,9.4,5,53
7.6,0.51,0.15,2.8,0.11,33,73,0.9955,3.17,0.63,10.2,6,54
10.2,0.42,0.57,3.4,0.07,4,10,0.9971,3.04,0.63,9.6,5,56
7.8,0.59,0.18,2.3,0.076,17,54,0.9975,3.43,0.59,10,5,58
7.3,0.39,0.31,2.4,0.074,9,46,0.9962,3.41,0.54,9.4,6,59
8.8,0.4,0.4,2.2,0.079,19,52,0.998,3.44,0.64,9.2,5,60
7.7,0.69,0.49,1.8,0.115,20,112,0.9968,3.21,0.71,9.3,5,61
7,0.735,0.05,2,0.081,13,54,0.9966,3.39,0.57,9.8,5,63
7.2,0.725,0.05,4.65,0.086,4,11,0.9962,3.41,0.39,10.9,5,64
7.2,0.725,0.05,4.65,0.086,4,11,0.9962,3.41,0.39,10.9,5,65
6.6,0.705,0.07,1.6,0.076,6,15,0.9962,3.44,0.58,10.7,5,67
8,0.705,0.05,1.9,0.074,8,19,0.9962,3.34,0.95,10.5,6,69
7.7,0.69,0.22,1.9,0.084,18,94,0.9961,3.31,0.48,9.5,5,72
8.3,0.675,0.26,2.1,0.084,11,43,0.9976,3.31,0.53,9.2,4,73
8.8,0.41,0.64,2.2,0.093,9,42,0.9986,3.54,0.66,10.5,5,76
6.8,0.785,0,2.4,0.104,14,30,0.9966,3.52,0.55,10.7,6,77
6.7,0.75,0.12,2,0.086,12,80,0.9958,3.38,0.52,10.1,5,78
8.3,0.625,0.2,1.5,0.08,27,119,0.9972,3.16,1.12,9.1,4,79
6.2,0.45,0.2,1.6,0.069,3,15,0.9958,3.41,0.56,9.2,5,80
7.4,0.5,0.47,2,0.086,21,73,0.997,3.36,0.57,9.1,5,82
6.3,0.3,0.48,1.8,0.069,18,61,0.9959,3.44,0.78,10.3,6,84
6.9,0.55,0.15,2.2,0.076,19,40,0.9961,3.41,0.59,10.1,5,85
8.6,0.49,0.28,1.9,0.11,20,136,0.9972,2.93,1.95,9.9,6,86
7.7,0.49,0.26,1.9,0.062,9,31,0.9966,3.39,0.64,9.6,5,87
9.3,0.39,0.44,2.1,0.107,34,125,0.9978,3.14,1.22,9.5,5,88
7,0.62,0.08,1.8,0.076,8,24,0.9978,3.48,0.53,9,5,89
7.9,0.52,0.26,1.9,0.079,42,140,0.9964,3.23,0.54,9.5,5,90
8.6,0.49,0.28,1.9,0.11,20,136,0.9972,2.93,1.95,9.9,6,91
7.7,0.49,0.26,1.9,0.062,9,31,0.9966,3.39,0.64,9.6,5,93
5,1.02,0.04,1.4,0.045,41,85,0.9938,3.75,0.48,10.5,4,94
6.8,0.775,0,3,0.102,8,23,0.9965,3.45,0.56,10.7,5,96
7.6,0.9,0.06,2.5,0.079,5,10,0.9967,3.39,0.56,9.8,5,98
8.1,0.545,0.18,1.9,0.08,13,35,0.9972,3.3,0.59,9,6,99
8.3,0.61,0.3,2.1,0.084,11,50,0.9972,3.4,0.61,10.2,6,100
8.1,0.545,0.18,1.9,0.08,13,35,0.9972,3.3,0.59,9,6,102
8.1,0.575,0.22,2.1,0.077,12,65,0.9967,3.29,0.51,9.2,5,103
7.2,0.49,0.24,2.2,0.07,5,36,0.996,3.33,0.48,9.4,5,104
8.1,0.575,0.22,2.1,0.077,12,65,0.9967,3.29,0.51,9.2,5,105
7.8,0.41,0.68,1.7,0.467,18,69,0.9973,3.08,1.31,9.3,5,106
6.2,0.63,0.31,1.7,0.088,15,64,0.9969,3.46,0.79,9.3,5,107
7.8,0.56,0.19,1.8,0.104,12,47,0.9964,3.19,0.93,9.5,5,110
8.4,0.62,0.09,2.2,0.084,11,108,0.9964,3.15,0.66,9.8,5,111
10.1,0.31,0.44,2.3,0.08,22,46,0.9988,3.32,0.67,9.7,6,113
7.8,0.56,0.19,1.8,0.104,12,47,0.9964,3.19,0.93,9.5,5,114
9.4,0.4,0.31,2.2,0.09,13,62,0.9966,3.07,0.63,10.5,6,115
8.3,0.54,0.28,1.9,0.077,11,40,0.9978,3.39,0.61,10,6,116
7.3,1.07,0.09,1.7,0.178,10,89,0.9962,3.3,0.57,9,5,120
8.8,0.55,0.04,2.2,0.119,14,56,0.9962,3.21,0.6,10.9,6,121
7.3,0.695,0,2.5,0.075,3,13,0.998,3.49,0.52,9.2,5,122
7.8,0.5,0.17,1.6,0.082,21,102,0.996,3.39,0.48,9.5,5,124
8.2,1.33,0,1.7,0.081,3,12,0.9964,3.53,0.49,10.9,5,126
8.1,1.33,0,1.8,0.082,3,12,0.9964,3.54,0.48,10.9,5,127
8,0.59,0.16,1.8,0.065,3,16,0.9962,3.42,0.92,10.5,7,128
8,0.745,0.56,2,0.118,30,134,0.9968,3.24,0.66,9.4,5,130
5.6,0.5,0.09,2.3,0.049,17,99,0.9937,3.63,0.63,13,5,131
7.9,1.04,0.05,2.2,0.084,13,29,0.9959,3.22,0.55,9.9,6,134
8.4,0.745,0.11,1.9,0.09,16,63,0.9965,3.19,0.82,9.6,5,135
7.2,0.415,0.36,2,0.081,13,45,0.9972,3.48,0.64,9.2,5,137
8.4,0.745,0.11,1.9,0.09,16,63,0.9965,3.19,0.82,9.6,5,140
5.2,0.34,0,1.8,0.05,27,63,0.9916,3.68,0.79,14,6,142
6.3,0.39,0.08,1.7,0.066,3,20,0.9954,3.34,0.58,9.4,5,143
5.2,0.34,0,1.8,0.05,27,63,0.9916,3.68,0.79,14,6,144
8.1,0.67,0.55,1.8,0.117,32,141,0.9968,3.17,0.62,9.4,5,145
5.8,0.68,0.02,1.8,0.087,21,94,0.9944,3.54,0.52,10,5,146
6.9,0.49,0.1,2.3,0.074,12,30,0.9959,3.42,0.58,10.2,6,148
7.3,0.33,0.47,2.1,0.077,5,11,0.9958,3.33,0.53,10.3,6,150
9.2,0.52,1,3.4,0.61,32,69,0.9996,2.74,2,9.4,4,151
7.5,0.6,0.03,1.8,0.095,25,99,0.995,3.35,0.54,10.1,5,152
7.5,0.6,0.03,1.8,0.095,25,99,0.995,3.35,0.54,10.1,5,153
7.1,0.43,0.42,5.5,0.071,28,128,0.9973,3.42,0.71,10.5,5,155
7.1,0.43,0.42,5.5,0.07,29,129,0.9973,3.42,0.72,10.5,5,156
7.1,0.43,0.42,5.5,0.071,28,128,0.9973,3.42,0.71,10.5,5,157
7.1,0.68,0,2.2,0.073,12,22,0.9969,3.48,0.5,9.3,5,158
6.8,0.6,0.18,1.9,0.079,18,86,0.9968,3.59,0.57,9.3,6,159
7.6,0.95,0.03,2,0.09,7,20,0.9959,3.2,0.56,9.6,5,160
7.6,0.68,0.02,1.3,0.072,9,20,0.9965,3.17,1.08,9.2,4,161
7.8,0.53,0.04,1.7,0.076,17,31,0.9964,3.33,0.56,10,6,162
7.4,0.6,0.26,7.3,0.07,36,121,0.9982,3.37,0.49,9.4,5,163
7.3,0.59,0.26,7.2,0.07,35,121,0.9981,3.37,0.49,9.4,5,164
7.8,0.63,0.48,1.7,0.1,14,96,0.9961,3.19,0.62,9.5,5,165
6.8,0.64,0.1,2.1,0.085,18,101,0.9956,3.34,0.52,10.2,5,166
7.3,0.55,0.03,1.6,0.072,17,42,0.9956,3.37,0.48,9,4,167
6.8,0.63,0.07,2.1,0.089,11,44,0.9953,3.47,0.55,10.4,6,168
7.9,0.885,0.03,1.8,0.058,4,8,0.9972,3.36,0.33,9.1,4,170
8,0.42,0.17,2,0.073,6,18,0.9972,3.29,0.61,9.2,6,172
7.4,0.62,0.05,1.9,0.068,24,42,0.9961,3.42,0.57,11.5,6,173
6.9,0.5,0.04,1.5,0.085,19,49,0.9958,3.35,0.78,9.5,5,175
7.3,0.38,0.21,2,0.08,7,35,0.9961,3.33,0.47,9.5,5,176
7.5,0.52,0.42,2.3,0.087,8,38,0.9972,3.58,0.61,10.5,6,177
7,0.805,0,2.5,0.068,7,20,0.9969,3.48,0.56,9.6,5,178
8.8,0.61,0.14,2.4,0.067,10,42,0.9969,3.19,0.59,9.5,5,179
8.8,0.61,0.14,2.4,0.067,10,42,0.9969,3.19,0.59,9.5,5,180
8.9,0.61,0.49,2,0.27,23,110,0.9972,3.12,1.02,9.3,5,181
7.2,0.73,0.02,2.5,0.076,16,42,0.9972,3.44,0.52,9.3,5,182
6.8,0.61,0.2,1.8,0.077,11,65,0.9971,3.54,0.58,9.3,5,183
6.7,0.62,0.21,1.9,0.079,8,62,0.997,3.52,0.58,9.3,6,184
8.9,0.31,0.57,2,0.111,26,85,0.9971,3.26,0.53,9.7,5,185
7.4,0.39,0.48,2,0.082,14,67,0.9972,3.34,0.55,9.2,5,186
7.9,0.5,0.33,2,0.084,15,143,0.9968,3.2,0.55,9.5,5,188
8.2,0.5,0.35,2.9,0.077,21,127,0.9976,3.23,0.62,9.4,5,190
6.4,0.37,0.25,1.9,0.074,21,49,0.9974,3.57,0.62,9.8,6,191
7.6,0.55,0.21,2.2,0.071,7,28,0.9964,3.28,0.55,9.7,5,193
7.6,0.55,0.21,2.2,0.071,7,28,0.9964,3.28,0.55,9.7,5,194
7.3,0.58,0.3,2.4,0.074,15,55,0.9968,3.46,0.59,10.2,5,196
11.5,0.3,0.6,2,0.067,12,27,0.9981,3.11,0.97,10.1,6,197
6.9,1.09,0.06,2.1,0.061,12,31,0.9948,3.51,0.43,11.4,4,199
9.6,0.32,0.47,1.4,0.056,9,24,0.99695,3.22,0.82,10.3,7,200
7,0.43,0.36,1.6,0.089,14,37,0.99615,3.34,0.56,9.2,6,204
12.8,0.3,0.74,2.6,0.095,9,28,0.9994,3.2,0.77,10.8,7,205
12.8,0.3,0.74,2.6,0.095,9,28,0.9994,3.2,0.77,10.8,7,206
7.8,0.44,0.28,2.7,0.1,18,95,0.9966,3.22,0.67,9.4,5,208
9.7,0.53,0.6,2,0.039,5,19,0.99585,3.3,0.86,12.4,6,210
8,0.725,0.24,2.8,0.083,10,62,0.99685,3.35,0.56,10,6,211
8.2,0.57,0.26,2.2,0.06,28,65,0.9959,3.3,0.43,10.1,5,213
7.8,0.735,0.08,2.4,0.092,10,41,0.9974,3.24,0.71,9.8,6,214
7,0.49,0.49,5.6,0.06,26,121,0.9974,3.34,0.76,10.5,5,215
8.7,0.625,0.16,2,0.101,13,49,0.9962,3.14,0.57,11,5,216
8.1,0.725,0.22,2.2,0.072,11,41,0.9967,3.36,0.55,9.1,5,217
7.5,0.49,0.19,1.9,0.076,10,44,0.9957,3.39,0.54,9.7,5,218
7.8,0.34,0.37,2,0.082,24,58,0.9964,3.34,0.59,9.4,6,220
7.4,0.53,0.26,2,0.101,16,72,0.9957,3.15,0.57,9.4,5,221
6.8,0.61,0.04,1.5,0.057,5,10,0.99525,3.42,0.6,9.5,5,222
8.6,0.645,0.25,2,0.083,8,28,0.99815,3.28,0.6,10,6,223
7.7,0.43,0.25,2.6,0.073,29,63,0.99615,3.37,0.58,10.5,6,225
8.9,0.59,0.5,2,0.337,27,81,0.9964,3.04,1.61,9.5,6,226
5.2,0.48,0.04,1.6,0.054,19,106,0.9927,3.54,0.62,12.2,7,230
8,0.38,0.06,1.8,0.078,12,49,0.99625,3.37,0.52,9.9,6,231
8.5,0.37,0.2,2.8,0.09,18,58,0.998,3.34,0.7,9.6,6,232
8.2,1,0.09,2.3,0.065,7,37,0.99685,3.32,0.55,9,6,234
7.2,0.63,0,1.9,0.097,14,38,0.99675,3.37,0.58,9,6,235
8.9,0.635,0.37,1.7,0.263,5,62,0.9971,3,1.09,9.3,5,240
12,0.38,0.56,2.1,0.093,6,24,0.99925,3.14,0.71,10.9,6,241
7.7,0.58,0.1,1.8,0.102,28,109,0.99565,3.08,0.49,9.8,6,242
15,0.21,0.44,2.2,0.075,10,24,1.00005,3.07,0.84,9.2,7,243
15,0.21,0.44,2.2,0.075,10,24,1.00005,3.07,0.84,9.2,7,244
7.3,0.66,0,2,0.084,6,23,0.9983,3.61,0.96,9.9,6,245
7.1,0.68,0.07,1.9,0.075,16,51,0.99685,3.38,0.52,9.5,5,246
7.3,0.66,0,2,0.084,6,23,0.9983,3.61,0.96,9.9,6,249
10.8,0.32,0.44,1.6,0.063,16,37,0.9985,3.22,0.78,10,6,250
7.1,0.6,0,1.8,0.074,16,34,0.9972,3.47,0.7,9.9,6,251
11.1,0.35,0.48,3.1,0.09,5,21,0.9986,3.17,0.53,10.5,5,252
7.7,0.775,0.42,1.9,0.092,8,86,0.9959,3.23,0.59,9.5,5,253
8,0.57,0.23,3.2,0.073,17,119,0.99675,3.26,0.57,9.3,5,255
9.4,0.34,0.37,2.2,0.075,5,13,0.998,3.22,0.62,9.2,5,256
6.6,0.695,0,2.1,0.075,12,56,0.9968,3.49,0.67,9.2,5,257
7.7,0.41,0.76,1.8,0.611,8,45,0.9968,3.06,1.26,9.4,5,258
10,0.31,0.47,2.6,0.085,14,33,0.99965,3.36,0.8,10.5,7,259
7.9,0.33,0.23,1.7,0.077,18,45,0.99625,3.29,0.65,9.3,5,260
7,0.975,0.04,2,0.087,12,67,0.99565,3.35,0.6,9.4,4,261
8,0.52,0.03,1.7,0.07,10,35,0.99575,3.34,0.57,10,5,262
7.9,0.37,0.23,1.8,0.077,23,49,0.9963,3.28,0.67,9.3,5,263
12.5,0.56,0.49,2.4,0.064,5,27,0.9999,3.08,0.87,10.9,5,264
8.1,0.87,0,3.3,0.096,26,61,1.00025,3.6,0.72,9.8,4,266
7.9,0.35,0.46,3.6,0.078,15,37,0.9973,3.35,0.86,12.8,8,267
6.9,0.54,0.04,3,0.077,7,27,0.9987,3.69,0.91,9.4,6,268
11.5,0.18,0.51,4,0.104,4,23,0.9996,3.28,0.97,10.1,6,269
7.9,0.545,0.06,4,0.087,27,61,0.9965,3.36,0.67,10.7,6,270
7.9,0.545,0.06,4,0.087,27,61,0.9965,3.36,0.67,10.7,6,275
6.9,0.54,0.04,3,0.077,7,27,0.9987,3.69,0.91,9.4,6,276
11.5,0.18,0.51,4,0.104,4,23,0.9996,3.28,0.97,10.1,6,277
10.3,0.32,0.45,6.4,0.073,5,13,0.9976,3.23,0.82,12.6,8,278
8.9,0.4,0.32,5.6,0.087,10,47,0.9991,3.38,0.77,10.5,7,279
11.4,0.26,0.44,3.6,0.071,6,19,0.9986,3.12,0.82,9.3,6,280
7.7,0.27,0.68,3.5,0.358,5,10,0.9972,3.25,1.08,9.9,7,281
8.9,0.4,0.32,5.6,0.087,10,47,0.9991,3.38,0.77,10.5,7,283
9.9,0.59,0.07,3.4,0.102,32,71,1.00015,3.31,0.71,9.8,5,284
9.9,0.59,0.07,3.4,0.102,32,71,1.00015,3.31,0.71,9.8,5,285
12,0.45,0.55,2,0.073,25,49,0.9997,3.1,0.76,10.3,6,286
7.5,0.4,0.12,3,0.092,29,53,0.9967,3.37,0.7,10.3,6,287
8.7,0.52,0.09,2.5,0.091,20,49,0.9976,3.34,0.86,10.6,7,288
11.6,0.42,0.53,3.3,0.105,33,98,1.001,3.2,0.95,9.2,5,289
8.7,0.52,0.09,2.5,0.091,20,49,0.9976,3.34,0.86,10.6,7,290
10.4,0.55,0.23,2.7,0.091,18,48,0.9994,3.22,0.64,10.3,6,292
6.9,0.36,0.25,2.4,0.098,5,16,0.9964,3.41,0.6,10.1,6,293
13.3,0.34,0.52,3.2,0.094,17,53,1.0014,3.05,0.81,9.5,6,294
10.8,0.5,0.46,2.5,0.073,5,27,1.0001,3.05,0.64,9.5,5,295
10.6,0.83,0.37,2.6,0.086,26,70,0.9981,3.16,0.52,9.9,5,296
7.1,0.63,0.06,2,0.083,8,29,0.99855,3.67,0.73,9.6,5,297
7.2,0.65,0.02,2.3,0.094,5,31,0.9993,3.67,0.8,9.7,5,298
7.5,0.53,0.06,2.6,0.086,20,44,0.9965,3.38,0.59,10.7,6,300
11.1,0.18,0.48,1.5,0.068,7,15,0.9973,3.22,0.64,10.1,6,301
8.3,0.705,0.12,2.6,0.092,12,28,0.9994,3.51,0.72,10,5,302
8.4,0.65,0.6,2.1,0.112,12,90,0.9973,3.2,0.52,9.2,5,304
7.6,0.62,0.32,2.2,0.082,7,54,0.9966,3.36,0.52,9.4,5,306
10.3,0.41,0.42,2.4,0.213,6,14,0.9994,3.19,0.62,9.5,6,307
10.3,0.43,0.44,2.4,0.214,5,12,0.9994,3.19,0.63,9.5,6,308
7.9,0.53,0.24,2,0.072,15,105,0.996,3.27,0.54,9.4,6,311
9,0.46,0.31,2.8,0.093,19,98,0.99815,3.32,0.63,9.5,6,312
8.6,0.47,0.3,3,0.076,30,135,0.9976,3.3,0.53,9.4,5,313
7.4,0.36,0.29,2.6,0.087,26,72,0.99645,3.39,0.68,11,5,314
9.8,0.66,0.39,3.2,0.083,21,59,0.9989,3.37,0.71,11.5,7,318
9.6,0.77,0.12,2.9,0.082,30,74,0.99865,3.3,0.64,10.4,6,319
9.3,0.61,0.26,3.4,0.09,25,87,0.99975,3.24,0.62,9.7,5,321
10,0.49,0.2,11,0.071,13,50,1.0015,3.16,0.69,9.2,6,324
10,0.49,0.2,11,0.071,13,50,1.0015,3.16,0.69,9.2,6,325
11.6,0.53,0.66,3.65,0.121,6,14,0.9978,3.05,0.74,11.5,7,326
10.3,0.44,0.5,4.5,0.107,5,13,0.998,3.28,0.83,11.5,5,327
13.4,0.27,0.62,2.6,0.082,6,21,1.0002,3.16,0.67,9.7,6,328
8.4,0.56,0.08,2.1,0.105,16,44,0.9958,3.13,0.52,11,5,333
7.9,0.65,0.01,2.5,0.078,17,38,0.9963,3.34,0.74,11.7,7,334
11.9,0.695,0.53,3.4,0.128,7,21,0.9992,3.17,0.84,12.2,7,335
8.9,0.43,0.45,1.9,0.052,6,16,0.9948,3.35,0.7,12.5,6,336
7.8,0.43,0.32,2.8,0.08,29,58,0.9974,3.31,0.64,10.3,5,337
12.5,0.28,0.54,2.3,0.082,12,29,0.9997,3.11,1.36,9.8,7,339
10.9,0.39,0.47,1.8,0.118,6,14,0.9982,3.3,0.75,9.8,6,342
10.9,0.39,0.47,1.8,0.118,6,14,0.9982,3.3,0.75,9.8,6,343
11.9,0.57,0.5,2.6,0.082,6,32,1.0006,3.12,0.78,10.7,6,344
13.8,0.49,0.67,3,0.093,6,15,0.9986,3.02,0.93,12,6,347
9.6,0.56,0.31,2.8,0.089,15,46,0.9979,3.11,0.92,10,6,348
9.1,0.795,0,2.6,0.096,11,26,0.9994,3.35,0.83,9.4,6,351
7.7,0.665,0,2.4,0.09,8,19,0.9974,3.27,0.73,9.3,5,352
13.5,0.53,0.79,4.8,0.12,23,77,1.0018,3.18,0.77,13,5,353
6.1,0.21,0.4,1.4,0.066,40.5,165,0.9912,3.25,0.59,11.9,6,354
6.7,0.75,0.01,2.4,0.078,17,32,0.9955,3.55,0.61,12.8,6,355
11.5,0.41,0.52,3,0.08,29,55,1.0001,3.26,0.88,11,5,356
10.5,0.42,0.66,2.95,0.116,12,29,0.997,3.24,0.75,11.7,7,357
11.9,0.43,0.66,3.1,0.109,10,23,1,3.15,0.85,10.4,7,358
12.6,0.38,0.66,2.6,0.088,10,41,1.001,3.17,0.68,9.8,6,359
8.2,0.7,0.23,2,0.099,14,81,0.9973,3.19,0.7,9.4,5,360
8.6,0.45,0.31,2.6,0.086,21,50,0.9982,3.37,0.91,9.9,6,361
11.9,0.58,0.66,2.5,0.072,6,37,0.9992,3.05,0.56,10,5,362
12.5,0.46,0.63,2,0.071,6,15,0.9988,2.99,0.87,10.2,5,363
12.8,0.615,0.66,5.8,0.083,7,42,1.0022,3.07,0.73,10,7,364
12.8,0.615,0.66,5.8,0.083,7,42,1.0022,3.07,0.73,10,7,366
10.4,0.575,0.61,2.6,0.076,11,24,1,3.16,0.69,9,5,367
9.4,0.27,0.53,2.4,0.074,6,18,0.9962,3.2,1.13,12,7,369
7.9,0.24,0.4,1.6,0.056,11,25,0.9967,3.32,0.87,8.7,6,371
9.1,0.28,0.48,1.8,0.067,26,46,0.9967,3.32,1.04,10.6,6,372
11.5,0.45,0.5,3,0.078,19,47,1.0003,3.26,1.11,11,6,376
9.4,0.27,0.53,2.4,0.074,6,18,0.9962,3.2,1.13,12,7,377
11.4,0.625,0.66,6.2,0.088,6,24,0.9988,3.11,0.99,13.3,6,378
8.3,0.26,0.42,2,0.08,11,27,0.9974,3.21,0.8,9.4,6,380
7.7,0.51,0.28,2.1,0.087,23,54,0.998,3.42,0.74,9.2,5,384
7.8,0.46,0.26,1.9,0.088,23,53,0.9981,3.43,0.74,9.2,6,388
5.6,0.85,0.05,1.4,0.045,12,88,0.9924,3.56,0.82,12.9,8,390
13.7,0.415,0.68,2.9,0.085,17,43,1.0014,3.06,0.8,10,6,391
9.5,0.37,0.52,2,0.082,6,26,0.998,3.18,0.51,9.5,5,392
12,0.37,0.76,4.2,0.066,7,38,1.0004,3.22,0.6,13,7,395
6.6,0.735,0.02,7.9,0.122,68,124,0.9994,3.47,0.53,9.9,5,396
8.7,0.765,0.22,2.3,0.064,9,42,0.9963,3.1,0.55,9.4,5,399
6.6,0.735,0.02,7.9,0.122,68,124,0.9994,3.47,0.53,9.9,5,400
7.7,0.69,0.05,2.7,0.075,15,27,0.9974,3.26,0.61,9.1,5,404
12,0.39,0.66,3,0.093,12,30,0.9996,3.18,0.63,10.8,7,407
12.5,0.46,0.49,4.5,0.07,26,49,0.9981,3.05,0.57,9.6,4,409
7.1,0.735,0.16,1.9,0.1,15,77,0.9966,3.27,0.64,9.3,5,412
9.9,0.4,0.53,6.7,0.097,6,19,0.9986,3.27,0.82,11.7,7,413
8.8,0.52,0.34,2.7,0.087,24,122,0.9982,3.26,0.61,9.5,5,414
8.6,0.725,0.24,6.6,0.117,31,134,1.0014,3.32,1.07,9.3,5,415
7,0.58,0.12,1.9,0.091,34,124,0.9956,3.44,0.48,10.5,5,417
6.8,0.77,0,1.8,0.066,34,52,0.9976,3.62,0.68,9.9,5,419
6.6,0.84,0.03,2.3,0.059,32,48,0.9952,3.52,0.56,12.3,7,421
7.7,0.96,0.2,2,0.047,15,60,0.9955,3.36,0.44,10.9,5,422
10.5,0.24,0.47,2.1,0.066,6,24,0.9978,3.15,0.9,11,7,423
6.6,0.84,0.03,2.3,0.059,32,48,0.9952,3.52,0.56,12.3,7,425
9.1,0.52,0.33,1.3,0.07,9,30,0.9978,3.24,0.6,9.3,5,428
10.5,0.24,0.47,2.1,0.066,6,24,0.9978,3.15,0.9,11,7,430
7.8,0.55,0.35,2.2,0.074,21,66,0.9974,3.25,0.56,9.2,5,431
12.3,0.39,0.63,2.3,0.091,6,18,1.0004,3.16,0.49,9.5,5,433
12.3,0.39,0.63,2.3,0.091,6,18,1.0004,3.16,0.49,9.5,5,435
7,0.62,0.18,1.5,0.062,7,50,0.9951,3.08,0.6,9.3,5,439
12.6,0.31,0.72,2.2,0.072,6,29,0.9987,2.88,0.82,9.8,8,440
15.6,0.685,0.76,3.7,0.1,6,43,1.0032,2.95,0.68,11.2,7,442
5.3,0.57,0.01,1.7,0.054,5,27,0.9934,3.57,0.84,12.5,7,444
12.5,0.38,0.6,2.6,0.081,31,72,0.9996,3.1,0.73,10.5,5,446
9.3,0.48,0.29,2.1,0.127,6,16,0.9968,3.22,0.72,11.2,5,447
10.4,0.33,0.63,2.8,0.084,5,22,0.9998,3.26,0.74,11.2,7,453
7,0.23,0.4,1.6,0.063,21,67,0.9952,3.5,0.63,11.1,5,454
11.3,0.62,0.67,5.2,0.086,6,19,0.9988,3.22,0.69,13.4,8,455
8.9,0.59,0.39,2.3,0.095,5,22,0.9986,3.37,0.58,10.3,5,456
9.2,0.63,0.21,2.7,0.097,29,65,0.9988,3.28,0.58,9.6,5,457
11.6,0.58,0.66,2.2,0.074,10,47,1.0008,3.25,0.57,9,3,459
8.3,0.615,0.22,2.6,0.087,6,19,0.9982,3.26,0.61,9.3,5,461
8.7,0.82,0.02,1.2,0.07,36,48,0.9952,3.2,0.58,9.8,5,469
13,0.32,0.65,2.6,0.093,15,47,0.9996,3.05,0.61,10.6,5,470
9.6,0.68,0.24,2.2,0.087,5,28,0.9988,3.14,0.6,10.2,5,475
9.3,0.27,0.41,2,0.091,6,16,0.998,3.28,0.7,9.7,5,476
10.6,0.28,0.39,15.5,0.069,6,23,1.0026,3.12,0.66,9.2,5,480
9.4,0.3,0.56,2.8,0.08,6,17,0.9964,3.15,0.92,11.7,8,481
10.6,0.36,0.6,2.2,0.152,7,18,0.9986,3.04,1.06,9.4,5,483
10.2,0.67,0.39,1.9,0.054,6,17,0.9976,3.17,0.47,10,5,485
9.2,0.41,0.5,2.5,0.055,12,25,0.9952,3.34,0.79,13.3,7,491
8.9,0.4,0.51,2.6,0.052,13,27,0.995,3.32,0.9,13.4,7,492
10.7,0.35,0.53,2.6,0.07,5,16,0.9972,3.15,0.65,11,8,495
7.2,0.34,0.32,2.5,0.09,43,113,0.9966,3.32,0.79,11.1,5,497
10.7,0.35,0.53,2.6,0.07,5,16,0.9972,3.15,0.65,11,8,498
10.4,0.44,0.73,6.55,0.074,38,76,0.999,3.17,0.85,12,7,501
10.4,0.44,0.73,6.55,0.074,38,76,0.999,3.17,0.85,12,7,502
10.5,0.24,0.42,1.8,0.077,6,22,0.9976,3.21,1.05,10.8,7,504
10.2,0.49,0.63,2.9,0.072,10,26,0.9968,3.16,0.78,12.5,7,505
10.4,0.24,0.46,1.8,0.075,6,21,0.9976,3.25,1.02,10.8,7,506
13.3,0.29,0.75,2.8,0.084,23,43,0.9986,3.04,0.68,11.4,7,509
10.5,0.51,0.64,2.4,0.107,6,15,0.9973,3.09,0.66,11.8,7,513
10.5,0.51,0.64,2.4,0.107,6,15,0.9973,3.09,0.66,11.8,7,514
8.5,0.655,0.49,6.1,0.122,34,151,1.001,3.31,1.14,9.3,5,515
10.4,0.61,0.49,2.1,0.2,5,16,0.9994,3.16,0.63,8.4,3,517
9.3,0.4,0.49,2.5,0.085,38,142,0.9978,3.22,0.55,9.4,5,523
9.2,0.43,0.49,2.4,0.086,23,116,0.9976,3.23,0.64,9.5,5,524
9.9,0.63,0.24,2.4,0.077,6,33,0.9974,3.09,0.57,9.4,5,529
11.9,0.38,0.49,2.7,0.098,12,42,1.0004,3.16,0.61,10.3,5,531
11.9,0.38,0.49,2.7,0.098,12,42,1.0004,3.16,0.61,10.3,5,532
9.9,0.63,0.24,2.4,0.077,6,33,0.9974,3.09,0.57,9.4,5,536
12.9,0.35,0.49,5.8,0.066,5,35,1.0014,3.2,0.66,12,7,538
11.2,0.5,0.74,5.15,0.1,5,17,0.9996,3.22,0.62,11.2,5,539
9.2,0.59,0.24,3.3,0.101,20,47,0.9988,3.26,0.67,9.6,5,540
9.3,0.715,0.24,2.1,0.07,5,20,0.9966,3.12,0.59,9.9,5,542
9.1,0.47,0.49,2.6,0.094,38,106,0.9982,3.08,0.59,9.1,5,545
5,1.04,0.24,1.6,0.05,32,96,0.9934,3.74,0.62,11.5,5,553
15.5,0.645,0.49,4.2,0.095,10,23,1.00315,2.92,0.74,11.1,5,554
15.6,0.645,0.49,4.2,0.095,10,23,1.00315,2.92,0.74,11.1,5,557
12.7,0.6,0.49,2.8,0.075,5,19,0.9994,3.14,0.57,11.4,5,560
9,0.54,0.49,2.9,0.094,41,110,0.9982,3.08,0.61,9.2,5,562
12.7,0.6,0.49,2.8,0.075,5,19,0.9994,3.14,0.57,11.4,5,565
10.2,0.24,0.49,2.4,0.075,10,28,0.9978,3.14,0.61,10.4,5,572
9.9,0.5,0.24,2.3,0.103,6,14,0.9978,3.34,0.52,10,4,576
8.8,0.44,0.49,2.8,0.083,18,111,0.9982,3.3,0.6,9.5,5,577
8.8,0.47,0.49,2.9,0.085,17,110,0.9982,3.29,0.6,9.8,5,578
12.3,0.5,0.49,2.2,0.089,5,14,1.0002,3.19,0.44,9.6,5,580
12.3,0.5,0.49,2.2,0.089,5,14,1.0002,3.19,0.44,9.6,5,581
12,0.28,0.49,1.9,0.074,10,21,0.9976,2.98,0.66,9.9,7,583
7.3,0.73,0.24,1.9,0.108,18,102,0.9967,3.26,0.59,9.3,5,587
5,0.42,0.24,2,0.06,19,50,0.9917,3.72,0.74,14,8,588
9,0.45,0.49,2.6,0.084,21,75,0.9987,3.35,0.57,9.7,5,590
9,0.45,0.49,2.6,0.084,21,75,0.9987,3.35,0.57,9.7,5,592
9.9,0.49,0.58,3.5,0.094,9,43,1.0004,3.29,0.58,9,5,593
8.9,0.595,0.41,7.9,0.086,30,109,0.9998,3.27,0.57,9.3,5,595
7.7,0.835,0,2.6,0.081,6,14,0.9975,3.3,0.52,9.3,5,602
8.8,0.24,0.54,2.5,0.083,25,57,0.9983,3.39,0.54,9.2,5,610
13.2,0.38,0.55,2.7,0.081,5,16,1.0006,2.98,0.54,9.4,5,611
9.6,0.6,0.5,2.3,0.079,28,71,0.9997,3.5,0.57,9.7,5,616
11.3,0.37,0.41,2.3,0.088,6,16,0.9988,3.09,0.8,9.3,5,619
8.3,0.54,0.24,3.4,0.076,16,112,0.9976,3.27,0.61,9.4,5,620
8.2,0.56,0.23,3.4,0.078,14,104,0.9976,3.28,0.62,9.4,5,621
10,0.58,0.22,1.9,0.08,9,32,0.9974,3.13,0.55,9.5,5,622
6.8,0.69,0,5.6,0.124,21,58,0.9997,3.46,0.72,10.2,5,625
8.8,0.6,0.29,2.2,0.098,5,15,0.9988,3.36,0.49,9.1,5,626
8.8,0.6,0.29,2.2,0.098,5,15,0.9988,3.36,0.49,9.1,5,627
7.6,0.685,0.23,2.3,0.111,20,84,0.9964,3.21,0.61,9.3,5,629
10.4,0.28,0.54,2.7,0.105,5,19,0.9988,3.25,0.63,9.5,5,631
10.1,0.935,0.22,3.4,0.105,11,86,1.001,3.43,0.64,11.3,4,633
7.9,0.35,0.21,1.9,0.073,46,102,0.9964,3.27,0.58,9.5,5,634
8.7,0.84,0,1.4,0.065,24,33,0.9954,3.27,0.55,9.7,5,635
9.6,0.88,0.28,2.4,0.086,30,147,0.9979,3.24,0.53,9.4,5,636
9.5,0.885,0.27,2.3,0.084,31,145,0.9978,3.24,0.53,9.4,5,637
9.9,0.54,0.45,2.3,0.071,16,40,0.9991,3.39,0.62,9.4,5,640
9.9,0.54,0.45,2.3,0.071,16,40,0.9991,3.39,0.62,9.4,5,642
9.9,0.54,0.45,2.3,0.071,16,40,0.9991,3.39,0.62,9.4,5,644
8.3,0.845,0.01,2.2,0.07,5,14,0.9967,3.32,0.58,11,4,647
8.7,0.48,0.3,2.8,0.066,10,28,0.9964,3.33,0.67,11.2,7,648
10.7,0.43,0.39,2.2,0.106,8,32,0.9986,2.89,0.5,9.6,5,650
15.9,0.36,0.65,7.5,0.096,22,71,0.9976,2.98,0.84,14.9,5,652
8.6,0.47,0.47,2.4,0.074,7,29,0.9979,3.08,0.46,9.5,5,654
9.7,0.55,0.17,2.9,0.087,20,53,1.0004,3.14,0.61,9.4,5,655
10.7,0.43,0.39,2.2,0.106,8,32,0.9986,2.89,0.5,9.6,5,656
12,0.5,0.59,1.4,0.073,23,42,0.998,2.92,0.68,10.5,7,657
7.5,0.42,0.31,1.6,0.08,15,42,0.9978,3.31,0.64,9,5,661
9.4,0.59,0.14,2,0.084,25,48,0.9981,3.14,0.56,9.7,5,665
8.2,0.73,0.21,1.7,0.074,5,13,0.9968,3.2,0.52,9.5,5,671
8.2,0.73,0.21,1.7,0.074,5,13,0.9968,3.2,0.52,9.5,5,673
8.6,0.8,0.11,2.3,0.084,12,31,0.9979,3.4,0.48,9.9,5,677
8.3,0.78,0.1,2.6,0.081,45,87,0.9983,3.48,0.53,10,5,678
10.8,0.26,0.45,3.3,0.06,20,49,0.9972,3.13,0.54,9.6,5,679
8.5,0.46,0.31,2.25,0.078,32,58,0.998,3.33,0.54,9.8,5,682
8.1,0.78,0.23,2.6,0.059,5,15,0.997,3.37,0.56,11.3,5,683
9.8,0.98,0.32,2.3,0.078,35,152,0.998,3.25,0.48,9.4,5,684
8.1,0.78,0.23,2.6,0.059,5,15,0.997,3.37,0.56,11.3,5,685
7.7,0.66,0.04,1.6,0.039,4,9,0.9962,3.4,0.47,9.4,5,688
8.1,0.38,0.48,1.8,0.157,5,17,0.9976,3.3,1.05,9.4,5,689
9.2,0.92,0.24,2.6,0.087,12,93,0.9998,3.48,0.54,9.8,5,691
8.6,0.49,0.51,2,0.422,16,62,0.9979,3.03,1.17,9,5,692
9,0.48,0.32,2.8,0.084,21,122,0.9984,3.32,0.62,9.4,5,693
9,0.47,0.31,2.7,0.084,24,125,0.9984,3.31,0.61,9.4,5,694
9.4,0.615,0.28,3.2,0.087,18,72,1.0001,3.31,0.53,9.7,5,698
7.5,0.38,0.48,2.6,0.073,22,84,0.9972,3.32,0.7,9.6,4,703
9.1,0.765,0.04,1.6,0.078,4,14,0.998,3.29,0.54,9.7,4,704
8.4,1.035,0.15,6,0.073,11,54,0.999,3.37,0.49,9.9,5,705
7,0.78,0.08,2,0.093,10,19,0.9956,3.4,0.47,10,5,706
7.4,0.49,0.19,3,0.077,16,37,0.9966,3.37,0.51,10.5,5,707
10.6,1.025,0.43,2.8,0.08,21,84,0.9985,3.06,0.57,10.1,5,710
8.9,0.565,0.34,3,0.093,16,112,0.9998,3.38,0.61,9.5,5,711
9.9,0.74,0.28,2.6,0.078,21,77,0.998,3.28,0.51,9.8,5,714
7.6,0.46,0.11,2.6,0.079,12,49,0.9968,3.21,0.57,10,5,717
8.4,0.56,0.04,2,0.082,10,22,0.9976,3.22,0.44,9.6,5,718
7.1,0.66,0,3.9,0.086,17,45,0.9976,3.46,0.54,9.5,5,719
8.4,0.56,0.04,2,0.082,10,22,0.9976,3.22,0.44,9.6,5,720
8.9,0.48,0.24,2.85,0.094,35,106,0.9982,3.1,0.53,9.2,5,721
7.1,0.31,0.3,2.2,0.053,36,127,0.9965,2.94,1.62,9.5,5,723
9,0.66,0.17,3,0.077,5,13,0.9976,3.29,0.55,10.4,5,725
6.4,0.57,0.02,1.8,0.067,4,11,0.997,3.46,0.68,9.5,5,727
6.4,0.57,0.02,1.8,0.067,4,11,0.997,3.46,0.68,9.5,5,728
9.5,0.55,0.66,2.3,0.387,12,37,0.9982,3.17,0.67,9.6,5,730
8.9,0.875,0.13,3.45,0.088,4,14,0.9994,3.44,0.52,11.5,5,731
7.3,0.835,0.03,2.1,0.092,10,19,0.9966,3.39,0.47,9.6,5,732
7,0.45,0.34,2.7,0.082,16,72,0.998,3.55,0.6,9.5,5,733
7.7,0.56,0.2,2,0.075,9,39,0.9987,3.48,0.62,9.3,5,734
7.7,0.965,0.1,2.1,0.112,11,22,0.9963,3.26,0.5,9.5,5,736
9,0.69,0,2.4,0.088,19,38,0.999,3.35,0.6,9.3,5,739
9.2,0.53,0.24,2.6,0.078,28,139,0.99788,3.21,0.57,9.5,5,741
11.1,0.39,0.54,2.7,0.095,21,101,1.0001,3.13,0.51,9.5,5,744
8.3,0.65,0.1,2.9,0.089,17,40,0.99803,3.29,0.55,9.5,5,750
7.6,0.54,0.13,2.5,0.097,24,66,0.99785,3.39,0.61,9.4,5,752
8.3,0.65,0.1,2.9,0.089,17,40,0.99803,3.29,0.55,9.5,5,753
8.1,0.87,0,2.2,0.084,10,31,0.99656,3.25,0.5,9.8,5,757
8.1,0.87,0,2.2,0.084,10,31,0.99656,3.25,0.5,9.8,5,758
8.8,0.42,0.21,2.5,0.092,33,88,0.99823,3.19,0.52,9.2,5,759
9,0.58,0.25,2.8,0.075,9,104,0.99779,3.23,0.57,9.7,5,760
9.3,0.655,0.26,2,0.096,5,35,0.99738,3.25,0.42,9.6,5,761
8.8,0.59,0.18,2.9,0.089,12,74,0.99738,3.14,0.54,9.4,5,766
7.9,0.72,0.01,1.9,0.076,7,32,0.99668,3.39,0.54,9.6,5,769
9.4,0.685,0.26,2.4,0.082,23,143,0.9978,3.28,0.55,9.4,5,771
9.5,0.57,0.27,2.3,0.082,23,144,0.99782,3.27,0.55,9.4,5,772
7.2,1,0,3,0.102,7,16,0.99586,3.43,0.46,10,5,775
8.3,0.43,0.3,3.4,0.079,7,34,0.99788,3.36,0.61,10.5,5,778
7.1,0.52,0.03,2.6,0.076,21,92,0.99745,3.5,0.6,9.8,5,779
6.5,0.46,0.14,2.4,0.114,9,37,0.99732,3.66,0.65,9.8,5,781
7.1,0.59,0.01,2.5,0.077,20,85,0.99746,3.55,0.59,9.8,5,784
9.9,0.35,0.41,2.3,0.083,11,61,0.9982,3.21,0.5,9.5,5,785
8.6,0.63,0.17,2.9,0.099,21,119,0.998,3.09,0.52,9.3,5,789
8.8,0.64,0.17,2.9,0.084,25,130,0.99818,3.23,0.54,9.6,5,791
7.7,0.6,0,2.6,0.055,7,13,0.99639,3.38,0.56,10.8,5,793
10.8,0.89,0.3,2.6,0.132,7,60,0.99786,2.99,1.18,10.2,5,795
8.7,0.46,0.31,2.5,0.126,24,64,0.99746,3.1,0.74,9.6,5,796
9.3,0.37,0.44,1.6,0.038,21,42,0.99526,3.24,0.81,10.8,7,797
8.6,0.55,0.09,3.3,0.068,8,17,0.99735,3.23,0.44,10,5,801
5.1,0.585,0,1.7,0.044,14,86,0.99264,3.56,0.94,12.9,7,802
8.4,0.25,0.39,2,0.041,4,10,0.99386,3.27,0.71,12.5,7,806
7.4,0.53,0.12,1.9,0.165,4,12,0.99702,3.26,0.86,9.2,5,808
7.3,0.49,0.1,2.6,0.068,4,14,0.99562,3.3,0.47,10.5,5,810
6.9,0.39,0.24,2.1,0.102,4,7,0.99462,3.44,0.58,11.4,4,813
9.1,0.66,0.15,3.2,0.097,9,59,0.99976,3.28,0.54,9.6,5,819
7,0.685,0,1.9,0.099,9,22,0.99606,3.34,0.6,9.7,5,820
4.9,0.42,0,2.1,0.048,16,42,0.99154,3.71,0.74,14,7,821
6.7,0.54,0.13,2,0.076,15,36,0.9973,3.61,0.64,9.8,5,823
7.1,0.48,0.28,2.8,0.068,6,16,0.99682,3.24,0.53,10.3,5,824
7.5,0.27,0.34,2.3,0.05,4,8,0.9951,3.4,0.64,11,7,826
7.1,0.46,0.14,2.8,0.076,15,37,0.99624,3.36,0.49,10.7,5,827
7.5,0.685,0.07,2.5,0.058,5,9,0.99632,3.38,0.55,10.9,4,830
11.6,0.47,0.44,1.6,0.147,36,51,0.99836,3.38,0.86,9.9,4,833
6.7,0.28,0.28,2.4,0.012,36,100,0.99064,3.26,0.39,11.7,7,836
6.7,0.28,0.28,2.4,0.012,36,100,0.99064,3.26,0.39,11.7,7,837
10.1,0.31,0.35,1.6,0.075,9,28,0.99672,3.24,0.83,11.2,7,838
6.6,0.66,0,3,0.115,21,31,0.99629,3.45,0.63,10.3,5,841
7.1,0.685,0.35,2,0.088,9,92,0.9963,3.28,0.62,9.4,5,843
6.4,0.64,0.21,1.8,0.081,14,31,0.99689,3.59,0.66,9.8,5,846
6.4,0.64,0.21,1.8,0.081,14,31,0.99689,3.59,0.66,9.8,5,848
9.3,0.43,0.44,1.9,0.085,9,22,0.99708,3.28,0.55,9.5,5,850
9.3,0.43,0.44,1.9,0.085,9,22,0.99708,3.28,0.55,9.5,5,851
8.2,0.26,0.34,2.5,0.073,16,47,0.99594,3.4,0.78,11.3,7,857
11.7,0.28,0.47,1.7,0.054,17,32,0.99686,3.15,0.67,10.6,7,858
7.2,0.62,0.06,2.7,0.077,15,85,0.99746,3.51,0.54,9.5,5,860
7.5,0.42,0.32,2.7,0.067,7,25,0.99628,3.24,0.44,10.4,5,862
7.2,0.62,0.06,2.5,0.078,17,84,0.99746,3.51,0.53,9.7,5,863
7.2,0.635,0.07,2.6,0.077,16,86,0.99748,3.51,0.54,9.7,5,865
6.9,0.56,0.03,1.5,0.086,36,46,0.99522,3.53,0.57,10.6,5,871
7.3,0.35,0.24,2,0.067,28,48,0.99576,3.43,0.54,10,4,872
8.8,0.31,0.4,2.8,0.109,7,16,0.99614,3.31,0.79,11.8,7,875
8.9,0.75,0.14,2.5,0.086,9,30,0.99824,3.34,0.64,10.5,5,885
10.7,0.9,0.34,6.6,0.112,23,99,1.00289,3.22,0.68,9.3,5,889
7.2,0.66,0.03,2.3,0.078,16,86,0.99743,3.53,0.57,9.7,5,891
7.2,0.66,0.03,2.3,0.078,16,86,0.99743,3.53,0.57,9.7,5,893
8.3,0.31,0.39,2.4,0.078,17,43,0.99444,3.31,0.77,12.5,7,896
8.3,0.31,0.39,2.4,0.078,17,43,0.99444,3.31,0.77,12.5,7,898
8.9,0.31,0.36,2.6,0.056,10,39,0.99562,3.4,0.69,11.8,5,900
7.4,0.635,0.1,2.4,0.08,16,33,0.99736,3.58,0.69,10.8,7,901
7.4,0.635,0.1,2.4,0.08,16,33,0.99736,3.58,0.69,10.8,7,902
6.8,0.59,0.06,6,0.06,11,18,0.9962,3.41,0.59,10.8,7,904
7.2,0.54,0.27,2.6,0.084,12,78,0.9964,3.39,0.71,11,5,906
5.3,0.715,0.19,1.5,0.161,7,62,0.99395,3.62,0.61,11,5,916
9.6,0.41,0.37,2.3,0.091,10,23,0.99786,3.24,0.56,10.5,5,920
8.6,0.47,0.27,2.3,0.055,14,28,0.99516,3.18,0.8,11.2,5,924
8.6,0.22,0.36,1.9,0.064,53,77,0.99604,3.47,0.87,11,7,925
8.4,0.67,0.19,2.2,0.093,11,75,0.99736,3.2,0.59,9.2,4,927
8.6,0.47,0.27,2.3,0.055,14,28,0.99516,3.18,0.8,11.2,5,928
8.7,0.33,0.38,3.3,0.063,10,19,0.99468,3.3,0.73,12,7,929
7.4,0.61,0.01,2,0.074,13,38,0.99748,3.48,0.65,9.8,5,931
6.6,0.61,0.01,1.9,0.08,8,25,0.99746,3.69,0.73,10.5,5,934
6.2,0.46,0.17,1.6,0.073,7,11,0.99425,3.61,0.54,11.4,5,939
9.9,0.27,0.49,5,0.082,9,17,0.99484,3.19,0.52,12.5,7,941
10.1,0.43,0.4,2.6,0.092,13,52,0.99834,3.22,0.64,10,7,942
8.3,0.3,0.49,3.8,0.09,11,24,0.99498,3.27,0.64,12.1,7,944
10.2,0.44,0.58,4.1,0.092,11,24,0.99745,3.29,0.99,12,7,946
8.3,0.28,0.48,2.1,0.093,6,12,0.99408,3.26,0.62,12.4,7,947
8.9,0.12,0.45,1.8,0.075,10,21,0.99552,3.41,0.76,11.9,7,949
8.9,0.12,0.45,1.8,0.075,10,21,0.99552,3.41,0.76,11.9,7,950
8.3,0.28,0.48,2.1,0.093,6,12,0.99408,3.26,0.62,12.4,7,951
8.2,0.31,0.4,2.2,0.058,6,10,0.99536,3.31,0.68,11.2,7,952
10.2,0.34,0.48,2.1,0.052,5,9,0.99458,3.2,0.69,12.1,7,953
8.5,0.21,0.52,1.9,0.09,9,23,0.99648,3.36,0.67,10.4,5,955
6.4,0.57,0.12,2.3,0.12,25,36,0.99519,3.47,0.71,11.3,7,958
7.1,0.56,0.14,1.6,0.078,7,18,0.99592,3.27,0.62,9.3,5,961
6.6,0.57,0.02,2.1,0.115,6,16,0.99654,3.38,0.69,9.5,5,962
8.5,0.66,0.2,2.1,0.097,23,113,0.99733,3.13,0.48,9.2,5,967
8.8,0.33,0.41,5.9,0.073,7,13,0.99658,3.3,0.62,12.1,7,974
7.2,0.41,0.3,2.1,0.083,35,72,0.997,3.44,0.52,9.4,5,975
8.4,0.59,0.29,2.6,0.109,31,119,0.99801,3.15,0.5,9.1,5,977
7,0.4,0.32,3.6,0.061,9,29,0.99416,3.28,0.49,11.3,7,978
9.5,0.86,0.26,1.9,0.079,13,28,0.99712,3.25,0.62,10,5,981
7.1,0.36,0.3,1.6,0.08,35,70,0.99693,3.44,0.5,9.4,5,987
7.7,0.39,0.12,1.7,0.097,19,27,0.99596,3.16,0.49,9.4,5,988
7.7,0.39,0.12,1.7,0.097,19,27,0.99596,3.16,0.49,9.4,5,990
7.1,0.34,0.28,2,0.082,31,68,0.99694,3.45,0.48,9.4,5,991
7.1,0.34,0.28,2,0.082,31,68,0.99694,3.45,0.48,9.4,5,993
7.5,0.43,0.3,2.2,0.062,6,12,0.99495,3.44,0.72,11.5,7,1000
8.2,0.43,0.29,1.6,0.081,27,45,0.99603,3.25,0.54,10.3,5,1004
6.8,0.36,0.32,1.8,0.067,4,8,0.9928,3.36,0.55,12.8,7,1005
9.1,0.29,0.33,2.05,0.063,13,27,0.99516,3.26,0.84,11.7,7,1006
9.1,0.3,0.34,2,0.064,12,25,0.99516,3.26,0.84,11.7,7,1007
8.9,0.35,0.4,3.6,0.11,12,24,0.99549,3.23,0.7,12,7,1008
8.9,0.28,0.45,1.7,0.067,7,12,0.99354,3.25,0.55,12.3,7,1010
7.7,1.005,0.15,2.1,0.102,11,32,0.99604,3.23,0.48,10,5,1012
8.9,0.38,0.4,2.2,0.068,12,28,0.99486,3.27,0.75,12.6,7,1016
7,0.5,0.14,1.8,0.078,10,23,0.99636,3.53,0.61,10.4,5,1019
7,0.51,0.09,2.1,0.062,4,9,0.99584,3.35,0.54,10.5,5,1022
7.7,0.58,0.01,1.8,0.088,12,18,0.99568,3.32,0.56,10.5,7,1024
6.4,0.795,0,2.2,0.065,28,52,0.99378,3.49,0.52,11.6,5,1027
7.7,0.58,0.01,1.8,0.088,12,18,0.99568,3.32,0.56,10.5,7,1029
8.1,0.82,0,4.1,0.095,5,14,0.99854,3.36,0.53,9.6,5,1032
10.1,0.37,0.34,2.4,0.085,5,17,0.99683,3.17,0.65,10.6,7,1035
7.6,0.31,0.34,2.5,0.082,26,35,0.99356,3.22,0.59,12.5,7,1036
8.7,0.41,0.41,6.2,0.078,25,42,0.9953,3.24,0.77,12.6,7,1038
7.1,0.43,0.17,1.8,0.082,27,51,0.99634,3.49,0.64,10.4,5,1047
8.5,0.46,0.59,1.4,0.414,16,45,0.99702,3.03,1.34,9.2,5,1051
5.6,0.605,0.05,2.4,0.073,19,25,0.99258,3.56,0.55,12.9,5,1052
8.3,0.33,0.42,2.3,0.07,9,20,0.99426,3.38,0.77,12.7,7,1053
8.9,0.48,0.53,4,0.101,3,10,0.99586,3.21,0.59,12.1,7,1056
7.6,0.42,0.25,3.9,0.104,28,90,0.99784,3.15,0.57,9.1,5,1057
9.9,0.53,0.57,2.4,0.093,30,52,0.9971,3.19,0.76,11.6,7,1058
8.9,0.48,0.53,4,0.101,3,10,0.99586,3.21,0.59,12.1,7,1059
9.1,0.4,0.5,1.8,0.071,7,16,0.99462,3.21,0.69,12.5,8,1061
6.6,0.52,0.08,2.4,0.07,13,26,0.99358,3.4,0.72,12.5,7,1066
11.1,0.31,0.53,2.2,0.06,3,10,0.99572,3.02,0.83,10.9,7,1067
8,0.62,0.35,2.8,0.086,28,52,0.997,3.31,0.62,10.8,5,1069
9.3,0.33,0.45,1.5,0.057,19,37,0.99498,3.18,0.89,11.1,7,1070
7.5,0.77,0.2,8.1,0.098,30,92,0.99892,3.2,0.58,9.2,5,1071
8.6,0.37,0.65,6.4,0.08,3,8,0.99817,3.27,0.58,11,5,1078
7.9,0.3,0.68,8.3,0.05,37.5,278,0.99316,3.01,0.51,12.3,7,1079
7.9,0.3,0.68,8.3,0.05,37.5,289,0.99316,3.01,0.51,12.3,7,1081
6.8,0.48,0.08,1.8,0.074,40,64,0.99529,3.12,0.49,9.6,5,1085
8.5,0.34,0.4,4.7,0.055,3,9,0.99738,3.38,0.66,11.6,7,1086
11.6,0.41,0.54,1.5,0.095,22,41,0.99735,3.02,0.76,9.9,7,1088
11.6,0.41,0.54,1.5,0.095,22,41,0.99735,3.02,0.76,9.9,7,1089
10,0.26,0.54,1.9,0.083,42,74,0.99451,2.98,0.63,11.8,8,1090
9.2,0.31,0.36,2.2,0.079,11,31,0.99615,3.33,0.86,12,7,1093
8.6,0.52,0.38,1.5,0.096,5,18,0.99666,3.2,0.52,9.4,5,1099
6.3,0.57,0.28,2.1,0.048,13,49,0.99374,3.41,0.6,12.8,5,1105
9.1,0.3,0.41,2,0.068,10,24,0.99523,3.27,0.85,11.7,7,1107
8.1,0.78,0.1,3.3,0.09,4,13,0.99855,3.36,0.49,9.5,5,1108
5.4,0.42,0.27,2,0.092,23,55,0.99471,3.78,0.64,12.3,7,1111
5.6,0.66,0,2.5,0.066,7,15,0.99256,3.52,0.58,12.9,5,1119
7.9,0.54,0.34,2.5,0.076,8,17,0.99235,3.2,0.72,13.1,8,1120
8.8,0.24,0.35,1.7,0.055,13,27,0.99394,3.14,0.59,11.3,7,1125
10,0.43,0.33,2.7,0.095,28,89,0.9984,3.22,0.68,10,5,1128
7.4,0.36,0.34,1.8,0.075,18,38,0.9933,3.38,0.88,13.6,7,1132
7.2,0.48,0.07,5.5,0.089,10,18,0.99684,3.37,0.68,11.2,7,1133
8.5,0.28,0.35,1.7,0.061,6,15,0.99524,3.3,0.74,11.8,7,1134
10,0.41,0.45,6.2,0.071,6,14,0.99702,3.21,0.49,11.8,7,1147
8.5,0.18,0.51,1.75,0.071,45,88,0.99524,3.33,0.76,11.8,7,1156
5.1,0.51,0.18,2.1,0.042,16,101,0.9924,3.46,0.87,12.9,7,1157
8.5,0.32,0.42,2.3,0.075,12,19,0.99434,3.14,0.71,11.8,7,1162
8.2,0.33,0.39,2.5,0.074,29,48,0.99528,3.32,0.88,12.4,7,1167
6.5,0.88,0.03,5.6,0.079,23,47,0.99572,3.58,0.5,11.2,4,1176
8.8,0.955,0.05,1.8,0.075,5,19,0.99616,3.3,0.44,9.6,4,1189
7.2,0.25,0.37,2.5,0.063,11,41,0.99439,3.52,0.8,12.4,7,1192
7.9,0.34,0.36,1.9,0.065,5,10,0.99419,3.27,0.54,11.2,7,1201
8.6,0.42,0.39,1.8,0.068,6,12,0.99516,3.35,0.69,11.7,8,1202
7.2,0.36,0.46,2.1,0.074,24,44,0.99534,3.4,0.85,11,7,1204
7.2,0.36,0.46,2.1,0.074,24,44,0.99534,3.4,0.85,11,7,1206
7.2,0.36,0.46,2.1,0.074,24,44,0.99534,3.4,0.85,11,7,1208
6.2,0.39,0.43,2,0.071,14,24,0.99428,3.45,0.87,11.2,7,1209
5.1,0.42,0,1.8,0.044,18,88,0.99157,3.68,0.73,13.6,7,1228
8.1,0.73,0,2.5,0.081,12,24,0.99798,3.38,0.46,9.6,4,1238
6.5,0.67,0,4.3,0.057,11,20,0.99488,3.45,0.56,11.8,4,1239
6.3,1.02,0,2,0.083,17,24,0.99437,3.59,0.55,11.2,4,1261
8.5,0.4,0.4,6.3,0.05,3,10,0.99566,3.28,0.56,12,4,1276
9.8,0.3,0.39,1.7,0.062,3,9,0.9948,3.14,0.57,11.5,7,1279
7.6,1.58,0,2.1,0.137,5,9,0.99476,3.5,0.4,10.9,3,1299
7.2,0.33,0.33,1.7,0.061,3,13,0.996,3.23,1.1,10,8,1403
8.1,0.29,0.36,2.2,0.048,35,53,0.995,3.27,1.01,12.4,7,1408
7.3,0.34,0.33,2.5,0.064,21,37,0.9952,3.35,0.77,12.1,7,1417
6.4,0.53,0.09,3.9,0.123,14,31,0.9968,3.5,0.67,11,4,1423
6.1,0.4,0.16,1.8,0.069,11,25,0.9955,3.42,0.74,10.1,7,1433
7.2,0.38,0.31,2,0.056,15,29,0.99472,3.23,0.76,11.3,8,1449
7.2,0.37,0.32,2,0.062,15,28,0.9947,3.23,0.73,11.3,7,1450
7.8,0.32,0.44,2.7,0.104,8,17,0.99732,3.33,0.78,11,7,1451
6.6,0.58,0.02,2,0.062,37,53,0.99374,3.35,0.76,11.6,7,1452
7.9,0.2,0.35,1.7,0.054,7,15,0.99458,3.32,0.8,11.9,7,1459
6.2,0.785,0,2.1,0.06,6,13,0.99664,3.59,0.61,10,4,1461
7.3,0.48,0.32,2.1,0.062,31,54,0.99728,3.3,0.65,10,7,1466
6.7,1.04,0.08,2.3,0.067,19,32,0.99648,3.52,0.57,11,4,1467
7.3,0.48,0.32,2.1,0.062,31,54,0.99728,3.3,0.65,10,7,1468
7.3,0.98,0.05,2.1,0.061,20,49,0.99705,3.31,0.55,9.7,3,1469
5.3,0.47,0.11,2.2,0.048,16,89,0.99182,3.54,0.88,13.56666667,7,1475
5.3,0.47,0.11,2.2,0.048,16,89,0.99182,3.54,0.88,13.6,7,1477
7.1,0.875,0.05,5.7,0.082,3,14,0.99808,3.4,0.52,10.2,3,1478
5.6,0.62,0.03,1.5,0.08,6,13,0.99498,3.66,0.62,10.1,4,1480
6.4,0.31,0.09,1.4,0.066,15,28,0.99459,3.42,0.7,10,7,1494
6.7,0.76,0.02,1.8,0.078,6,12,0.996,3.55,0.63,9.95,3,1505
6.6,0.56,0.14,2.4,0.064,13,29,0.99397,3.42,0.62,11.7,7,1534
8.4,0.37,0.43,2.3,0.063,12,19,0.9955,3.17,0.81,11.2,7,1544
7.4,0.36,0.3,1.8,0.074,17,24,0.99419,3.24,0.7,11.4,8,1549
7,0.56,0.17,1.7,0.065,15,24,0.99514,3.44,0.68,10.55,7,1555
6.7,0.32,0.44,2.4,0.061,24,34,0.99484,3.29,0.8,11.6,7,1584
638,,,,,,,,,,,,
